Wall time,Step,Value
1703707466.7405717,2569,30.254249572753906
1703707829.245935,5139,29.727558135986328
1703708189.763365,7709,31.41792106628418
1703708549.514451,10279,35.12847900390625
1703708908.3641057,12849,34.75667190551758
1703709269.9544525,15419,36.105224609375
1703709630.6312032,17989,37.16079330444336
1703709994.93888,20559,37.59523010253906
1703710387.1184535,23129,38.1779670715332
1703710777.635481,25699,38.27667236328125
