Wall time,Step,Value
1703707466.74055,2569,0.9183858633041382
1703707829.2459157,5139,0.9251502156257629
1703708189.7633457,7709,0.93076491355896
1703708549.5144293,10279,0.9733462929725647
1703708908.3640888,12849,0.9718278646469116
1703709269.9544334,15419,0.9790827631950378
1703709630.6311858,17989,0.984551727771759
1703709994.9388618,20559,0.9873316287994385
1703710387.1184385,23129,0.9894410371780396
1703710777.635464,25699,0.9899535179138184
